name,id,maxLevel,maxEvolutionLevel,elixirCost,iconUrls,rarity
Knight,26000000,14,1.0,3.0,"{'medium': 'https://api-assets.clashroyale.com/cards/300/jAj1Q5rclXxU9kVImGqSJxa4wEMfEhvwNQ_4jiGUuqg.png', 'evolutionMedium': 'https://api-assets.clashroyale.com/cardevolutions/300/jAj1Q5rclXxU9kVImGqSJxa4wEMfEhvwNQ_4jiGUuqg.png'}",common
Archers,26000001,14,1.0,3.0,"{'medium': 'https://api-assets.clashroyale.com/cards/300/W4Hmp8MTSdXANN8KdblbtHwtsbt0o749BbxNqmJYfA8.png', 'evolutionMedium': 'https://api-assets.clashroyale.com/cardevolutions/300/W4Hmp8MTSdXANN8KdblbtHwtsbt0o749BbxNqmJYfA8.png'}",common
Goblins,26000002,14,,2.0,{'medium': 'https://api-assets.clashroyale.com/cards/300/X_DQUye_OaS3QN6VC9CPw05Fit7wvSm3XegXIXKP--0.png'},common
Giant,26000003,12,,5.0,{'medium': 'https://api-assets.clashroyale.com/cards/300/Axr4ox5_b7edmLsoHxBX3vmgijAIibuF6RImTbqLlXE.png'},rare
P.E.K.K.A,26000004,9,1.0,7.0,"{'medium': 'https://api-assets.clashroyale.com/cards/300/MlArURKhn_zWAZY-Xj1qIRKLVKquarG25BXDjUQajNs.png', 'evolutionMedium': 'https://api-assets.clashroyale.com/cardevolutions/300/MlArURKhn_zWAZY-Xj1qIRKLVKquarG25BXDjUQajNs.png'}",epic
Minions,26000005,14,,3.0,{'medium': 'https://api-assets.clashroyale.com/cards/300/yHGpoEnmUWPGV_hBbhn-Kk-Bs838OjGzWzJJlQpQKQA.png'},common
Balloon,26000006,9,,5.0,{'medium': 'https://api-assets.clashroyale.com/cards/300/qBipxLo-3hhCnPrApp2Nn3b2NgrSrvwzWytvREev0CY.png'},epic
Witch,26000007,9,1.0,5.0,"{'medium': 'https://api-assets.clashroyale.com/cards/300/cfwk1vzehVyHC-uloEIH6NOI0hOdofCutR5PyhIgO6w.png', 'evolutionMedium': 'https://api-assets.clashroyale.com/cardevolutions/300/cfwk1vzehVyHC-uloEIH6NOI0hOdofCutR5PyhIgO6w.png'}",epic
Barbarians,26000008,14,1.0,5.0,"{'medium': 'https://api-assets.clashroyale.com/cards/300/TvJsuu2S4yhyk1jVYUAQwdKOnW4U77KuWWOTPOWnwfI.png', 'evolutionMedium': 'https://api-assets.clashroyale.com/cardevolutions/300/TvJsuu2S4yhyk1jVYUAQwdKOnW4U77KuWWOTPOWnwfI.png'}",common
Golem,26000009,9,,8.0,{'medium': 'https://api-assets.clashroyale.com/cards/300/npdmCnET7jmVjJvjJQkFnNSNnDxYHDBigbvIAloFMds.png'},epic
Skeletons,26000010,14,1.0,1.0,"{'medium': 'https://api-assets.clashroyale.com/cards/300/oO7iKMU5m0cdxhYPZA3nWQiAUh2yoGgdThLWB1rVSec.png', 'evolutionMedium': 'https://api-assets.clashroyale.com/cardevolutions/300/oO7iKMU5m0cdxhYPZA3nWQiAUh2yoGgdThLWB1rVSec.png'}",common
Valkyrie,26000011,12,1.0,4.0,"{'medium': 'https://api-assets.clashroyale.com/cards/300/0lIoYf3Y_plFTzo95zZL93JVxpfb3MMgFDDhgSDGU9A.png', 'evolutionMedium': 'https://api-assets.clashroyale.com/cardevolutions/300/0lIoYf3Y_plFTzo95zZL93JVxpfb3MMgFDDhgSDGU9A.png'}",rare
Skeleton Army,26000012,9,1.0,3.0,"{'medium': 'https://api-assets.clashroyale.com/cards/300/fAOToOi1pRy7svN2xQS6mDkhQw2pj9m_17FauaNqyl4.png', 'evolutionMedium': 'https://api-assets.clashroyale.com/cardevolutions/300/fAOToOi1pRy7svN2xQS6mDkhQw2pj9m_17FauaNqyl4.png'}",epic
Bomber,26000013,14,1.0,2.0,"{'medium': 'https://api-assets.clashroyale.com/cards/300/12n1CesxKIcqVYntjxcF36EFA-ONw7Z-DoL0_rQrbdo.png', 'evolutionMedium': 'https://api-assets.clashroyale.com/cardevolutions/300/12n1CesxKIcqVYntjxcF36EFA-ONw7Z-DoL0_rQrbdo.png'}",common
Musketeer,26000014,12,1.0,4.0,"{'medium': 'https://api-assets.clashroyale.com/cards/300/Tex1C48UTq9FKtAX-3tzG0FJmc9jzncUZG3bb5Vf-Ds.png', 'evolutionMedium': 'https://api-assets.clashroyale.com/cardevolutions/300/Tex1C48UTq9FKtAX-3tzG0FJmc9jzncUZG3bb5Vf-Ds.png'}",rare
Baby Dragon,26000015,9,1.0,4.0,"{'medium': 'https://api-assets.clashroyale.com/cards/300/cjC9n4AvEZJ3urkVh-rwBkJ-aRSsydIMqSAV48hAih0.png', 'evolutionMedium': 'https://api-assets.clashroyale.com/cardevolutions/300/cjC9n4AvEZJ3urkVh-rwBkJ-aRSsydIMqSAV48hAih0.png'}",epic
Prince,26000016,9,,5.0,{'medium': 'https://api-assets.clashroyale.com/cards/300/3JntJV62aY0G1Qh6LIs-ek-0ayeYFY3VItpG7cb9I60.png'},epic
Wizard,26000017,12,1.0,5.0,"{'medium': 'https://api-assets.clashroyale.com/cards/300/Mej7vnv4H_3p_8qPs_N6_GKahy6HDr7pU7i9eTHS84U.png', 'evolutionMedium': 'https://api-assets.clashroyale.com/cardevolutions/300/Mej7vnv4H_3p_8qPs_N6_GKahy6HDr7pU7i9eTHS84U.png'}",rare
Mini P.E.K.K.A,26000018,12,,4.0,{'medium': 'https://api-assets.clashroyale.com/cards/300/Fmltc4j3Ve9vO_xhHHPEO3PRP3SmU2oKp2zkZQHRZT4.png'},rare
Spear Goblins,26000019,14,,2.0,{'medium': 'https://api-assets.clashroyale.com/cards/300/FSDFotjaXidI4ku_WFpVCTWS1hKGnFh1sxX0lxM43_E.png'},common
Giant Skeleton,26000020,9,,6.0,{'medium': 'https://api-assets.clashroyale.com/cards/300/0p0gd0XaVRu1Hb1iSG1hTYbz2AN6aEiZnhaAib5O8Z8.png'},epic
Hog Rider,26000021,12,,4.0,{'medium': 'https://api-assets.clashroyale.com/cards/300/Ubu0oUl8tZkusnkZf8Xv9Vno5IO29Y-jbZ4fhoNJ5oc.png'},rare
Minion Horde,26000022,14,,5.0,{'medium': 'https://api-assets.clashroyale.com/cards/300/Wyjq5l0IXHTkX9Rmpap6HaH08MvjbxFp1xBO9a47YSI.png'},common
Ice Wizard,26000023,6,,3.0,{'medium': 'https://api-assets.clashroyale.com/cards/300/W3dkw0HTw9n1jB-zbknY2w3wHuyuLxSRIAV5fUT1SEY.png'},legendary
Royal Giant,26000024,14,1.0,6.0,"{'medium': 'https://api-assets.clashroyale.com/cards/300/mnlRaNtmfpQx2e6mp70sLd0ND-pKPF70Cf87_agEKg4.png', 'evolutionMedium': 'https://api-assets.clashroyale.com/cardevolutions/300/mnlRaNtmfpQx2e6mp70sLd0ND-pKPF70Cf87_agEKg4.png'}",common
Guards,26000025,9,,3.0,{'medium': 'https://api-assets.clashroyale.com/cards/300/1ArKfLJxYo6_NU_S9cAeIrfbXqWH0oULVJXedxBXQlU.png'},epic
Princess,26000026,6,,3.0,{'medium': 'https://api-assets.clashroyale.com/cards/300/bAwMcqp9EKVIKH3ZLm_m0MqZFSG72zG-vKxpx8aKoVs.png'},legendary
Dark Prince,26000027,9,,4.0,{'medium': 'https://api-assets.clashroyale.com/cards/300/M7fXlrKXHu2IvpSGpk36kXVstslbR08Bbxcy0jQcln8.png'},epic
Three Musketeers,26000028,12,,9.0,{'medium': 'https://api-assets.clashroyale.com/cards/300/_J2GhbkX3vswaFk1wG-dopwiHyNc_YiPhwroiKF3Mek.png'},rare
Lava Hound,26000029,6,,7.0,{'medium': 'https://api-assets.clashroyale.com/cards/300/unicRQ975sBY2oLtfgZbAI56ZvaWz7azj-vXTLxc0r8.png'},legendary
Ice Spirit,26000030,14,1.0,1.0,"{'medium': 'https://api-assets.clashroyale.com/cards/300/lv1budiafU9XmSdrDkk0NYyqASAFYyZ06CPysXKZXlA.png', 'evolutionMedium': 'https://api-assets.clashroyale.com/cardevolutions/300/lv1budiafU9XmSdrDkk0NYyqASAFYyZ06CPysXKZXlA.png'}",common
Fire Spirit,26000031,14,,1.0,{'medium': 'https://api-assets.clashroyale.com/cards/300/16-BqusVvynIgYI8_Jci3LDC-r8AI_xaIYLgXqtlmS8.png'},common
Miner,26000032,6,,3.0,{'medium': 'https://api-assets.clashroyale.com/cards/300/Y4yWvdwBCg2FpAZgs8T09Gy34WOwpLZW-ttL52Ae8NE.png'},legendary
Sparky,26000033,6,,6.0,{'medium': 'https://api-assets.clashroyale.com/cards/300/2GKMkBrArZXgQxf2ygFjDs4VvGYPbx8F6Lj_68iVhIM.png'},legendary
Bowler,26000034,9,,5.0,{'medium': 'https://api-assets.clashroyale.com/cards/300/SU4qFXmbQXWjvASxVI6z9IJuTYolx4A0MKK90sTIE88.png'},epic
Lumberjack,26000035,6,1.0,4.0,"{'medium': 'https://api-assets.clashroyale.com/cards/300/E6RWrnCuk13xMX5OE1EQtLEKTZQV6B78d00y8PlXt6Q.png', 'evolutionMedium': 'https://api-assets.clashroyale.com/cardevolutions/300/E6RWrnCuk13xMX5OE1EQtLEKTZQV6B78d00y8PlXt6Q.png'}",legendary
Battle Ram,26000036,12,1.0,4.0,"{'medium': 'https://api-assets.clashroyale.com/cards/300/dyc50V2cplKi4H7pq1B3I36pl_sEH5DQrNHboS_dbbM.png', 'evolutionMedium': 'https://api-assets.clashroyale.com/cardevolutions/300/dyc50V2cplKi4H7pq1B3I36pl_sEH5DQrNHboS_dbbM.png'}",rare
Inferno Dragon,26000037,6,1.0,4.0,"{'medium': 'https://api-assets.clashroyale.com/cards/300/y5HDbKtTbWG6En6TGWU0xoVIGs1-iQpIP4HC-VM7u8A.png', 'evolutionMedium': 'https://api-assets.clashroyale.com/cardevolutions/300/y5HDbKtTbWG6En6TGWU0xoVIGs1-iQpIP4HC-VM7u8A.png'}",legendary
Ice Golem,26000038,12,,2.0,{'medium': 'https://api-assets.clashroyale.com/cards/300/r05cmpwV1o7i7FHodtZwW3fmjbXCW34IJCsDEV5cZC4.png'},rare
Mega Minion,26000039,12,,3.0,{'medium': 'https://api-assets.clashroyale.com/cards/300/-T_e4YLbuhPBKbYnBwQfXgynNpp5eOIN_0RracYwL9c.png'},rare
Dart Goblin,26000040,12,1.0,3.0,"{'medium': 'https://api-assets.clashroyale.com/cards/300/BmpK3bqEAviflqHCdxxnfm-_l3pRPJw3qxHkwS55nCY.png', 'evolutionMedium': 'https://api-assets.clashroyale.com/cardevolutions/300/BmpK3bqEAviflqHCdxxnfm-_l3pRPJw3qxHkwS55nCY.png'}",rare
Goblin Gang,26000041,14,,3.0,{'medium': 'https://api-assets.clashroyale.com/cards/300/NHflxzVAQT4oAz7eDfdueqpictb5vrWezn1nuqFhE4w.png'},common
Electro Wizard,26000042,6,,4.0,{'medium': 'https://api-assets.clashroyale.com/cards/300/RsFaHgB3w6vXsTjXdPr3x8l_GbV9TbOUCvIx07prbrQ.png'},legendary
Elite Barbarians,26000043,14,,6.0,{'medium': 'https://api-assets.clashroyale.com/cards/300/C88C5JH_F3lLZj6K-tLcMo5DPjrFmvzIb1R2M6xCfTE.png'},common
Hunter,26000044,9,1.0,4.0,"{'medium': 'https://api-assets.clashroyale.com/cards/300/VNabB1WKnYtYRSG7X_FZfnZjQDHTBs9A96OGMFmecrA.png', 'evolutionMedium': 'https://api-assets.clashroyale.com/cardevolutions/300/VNabB1WKnYtYRSG7X_FZfnZjQDHTBs9A96OGMFmecrA.png'}",epic
Executioner,26000045,9,1.0,5.0,"{'medium': 'https://api-assets.clashroyale.com/cards/300/9XL5BP2mqzV8kza6KF8rOxrpCZTyuGLp2l413DTjEoM.png', 'evolutionMedium': 'https://api-assets.clashroyale.com/cardevolutions/300/9XL5BP2mqzV8kza6KF8rOxrpCZTyuGLp2l413DTjEoM.png'}",epic
Bandit,26000046,6,,3.0,{'medium': 'https://api-assets.clashroyale.com/cards/300/QWDdXMKJNpv0go-HYaWQWP6p8uIOHjqn-zX7G0p3DyM.png'},legendary
Royal Recruits,26000047,14,1.0,7.0,"{'medium': 'https://api-assets.clashroyale.com/cards/300/jcNyYGUiXXNz3kuz8NBkHNKNREQKraXlb_Ts7rhCIdM.png', 'evolutionMedium': 'https://api-assets.clashroyale.com/cardevolutions/300/jcNyYGUiXXNz3kuz8NBkHNKNREQKraXlb_Ts7rhCIdM.png'}",common
Night Witch,26000048,6,,4.0,{'medium': 'https://api-assets.clashroyale.com/cards/300/NpCrXDEDBBJgNv9QrBAcJmmMFbS7pe3KCY8xJ5VB18A.png'},legendary
Bats,26000049,14,1.0,2.0,"{'medium': 'https://api-assets.clashroyale.com/cards/300/EnIcvO21hxiNpoI-zO6MDjLmzwPbq8Z4JPo2OKoVUjU.png', 'evolutionMedium': 'https://api-assets.clashroyale.com/cardevolutions/300/EnIcvO21hxiNpoI-zO6MDjLmzwPbq8Z4JPo2OKoVUjU.png'}",common
Royal Ghost,26000050,6,1.0,3.0,"{'medium': 'https://api-assets.clashroyale.com/cards/300/3En2cz0ISQAaMTHY3hj3rTveFN2kJYq-H4VxvdJNvCM.png', 'evolutionMedium': 'https://api-assets.clashroyale.com/cardevolutions/300/3En2cz0ISQAaMTHY3hj3rTveFN2kJYq-H4VxvdJNvCM.png'}",legendary
Ram Rider,26000051,6,,5.0,{'medium': 'https://api-assets.clashroyale.com/cards/300/QaJyerT7f7oMyZ3Fv1glKymtLSvx7YUXisAulxl7zRI.png'},legendary
Zappies,26000052,12,,4.0,{'medium': 'https://api-assets.clashroyale.com/cards/300/QZfHRpLRmutZbCr5fpLnTpIp89vLI6NrAwzGZ8tHEc4.png'},rare
Rascals,26000053,14,,5.0,{'medium': 'https://api-assets.clashroyale.com/cards/300/KV48DfwVHKx9XCjzBdk3daT_Eb52Me4VgjVO7WctRc4.png'},common
Cannon Cart,26000054,9,,5.0,{'medium': 'https://api-assets.clashroyale.com/cards/300/aqwxRz8HXzqlMCO4WMXNA1txynjXTsLinknqsgZLbok.png'},epic
Mega Knight,26000055,6,1.0,7.0,"{'medium': 'https://api-assets.clashroyale.com/cards/300/O2NycChSNhn_UK9nqBXUhhC_lILkiANzPuJjtjoz0CE.png', 'evolutionMedium': 'https://api-assets.clashroyale.com/cardevolutions/300/O2NycChSNhn_UK9nqBXUhhC_lILkiANzPuJjtjoz0CE.png'}",legendary
Skeleton Barrel,26000056,14,1.0,3.0,"{'medium': 'https://api-assets.clashroyale.com/cards/300/vCB4DWCcrGbTkarjcOiVz4aNDx6GWLm0yUepg9E1MGo.png', 'evolutionMedium': 'https://api-assets.clashroyale.com/cardevolutions/300/vCB4DWCcrGbTkarjcOiVz4aNDx6GWLm0yUepg9E1MGo.png'}",common
Flying Machine,26000057,12,,4.0,{'medium': 'https://api-assets.clashroyale.com/cards/300/hzKNE3QwFcrSrDDRuVW3QY_OnrDPijSiIp-PsWgFevE.png'},rare
Wall Breakers,26000058,9,1.0,2.0,"{'medium': 'https://api-assets.clashroyale.com/cards/300/_xPphEfC8eEwFNrfU3cMQG9-f5JaLQ31ARCA7l3XtW4.png', 'evolutionMedium': 'https://api-assets.clashroyale.com/cardevolutions/300/_xPphEfC8eEwFNrfU3cMQG9-f5JaLQ31ARCA7l3XtW4.png'}",epic
Royal Hogs,26000059,12,1.0,5.0,"{'medium': 'https://api-assets.clashroyale.com/cards/300/ASSQJG_MoVq9e81HZzo4bynMnyLNpNJMfSLb3hqydOw.png', 'evolutionMedium': 'https://api-assets.clashroyale.com/cardevolutions/300/ASSQJG_MoVq9e81HZzo4bynMnyLNpNJMfSLb3hqydOw.png'}",rare
Goblin Giant,26000060,9,1.0,6.0,"{'medium': 'https://api-assets.clashroyale.com/cards/300/SoW16cY3jXBwaTDvb39DkqiVsoFVaDWbzf5QBYphJrY.png', 'evolutionMedium': 'https://api-assets.clashroyale.com/cardevolutions/300/SoW16cY3jXBwaTDvb39DkqiVsoFVaDWbzf5QBYphJrY.png'}",epic
Fisherman,26000061,6,,3.0,{'medium': 'https://api-assets.clashroyale.com/cards/300/U2KZ3g0wyufcuA5P2Xrn3Z3lr1WiJmc5S0IWOZHgizQ.png'},legendary
Magic Archer,26000062,6,,4.0,{'medium': 'https://api-assets.clashroyale.com/cards/300/Avli3W7BxU9HQ2SoLiXnBgGx25FoNXUSFm7OcAk68ek.png'},legendary
Electro Dragon,26000063,9,1.0,5.0,"{'medium': 'https://api-assets.clashroyale.com/cards/300/tN9h6lnMNPCNsx0LMFmvpHgznbDZ1fBRkx-C7UfNmfY.png', 'evolutionMedium': 'https://api-assets.clashroyale.com/cardevolutions/300/tN9h6lnMNPCNsx0LMFmvpHgznbDZ1fBRkx-C7UfNmfY.png'}",epic
Firecracker,26000064,14,1.0,3.0,"{'medium': 'https://api-assets.clashroyale.com/cards/300/c1rL3LO1U2D9-TkeFfAC18gP3AO8ztSwrcHMZplwL2Q.png', 'evolutionMedium': 'https://api-assets.clashroyale.com/cardevolutions/300/c1rL3LO1U2D9-TkeFfAC18gP3AO8ztSwrcHMZplwL2Q.png'}",common
Mighty Miner,26000065,4,,4.0,{'medium': 'https://api-assets.clashroyale.com/cards/300/Cd9R56yraxTvJiD8xJ2qT2OdsHyh94FqOAarXpbyelo.png'},champion
Elixir Golem,26000067,12,,3.0,{'medium': 'https://api-assets.clashroyale.com/cards/300/puhMsZjCIqy21HW3hYxjrk_xt8NIPyFqjRy-BeLKZwo.png'},rare
Battle Healer,26000068,12,,4.0,{'medium': 'https://api-assets.clashroyale.com/cards/300/KdwXcoigS2Kg-cgA7BJJIANbUJG6SNgjetRQ-MegZ08.png'},rare
Skeleton King,26000069,4,,4.0,{'medium': 'https://api-assets.clashroyale.com/cards/300/dCd69_wN9f8DxwuqOGtR4QgWhHIPIaTNxZ1e23RzAAc.png'},champion
Archer Queen,26000072,4,,5.0,{'medium': 'https://api-assets.clashroyale.com/cards/300/p7OQmOAFTery7zCzlpDdm-LOD1kINTm42AwIHchZfWk.png'},champion
Golden Knight,26000074,4,,4.0,{'medium': 'https://api-assets.clashroyale.com/cards/300/WJd207D0O1sN-l1FTb8P9KhYL2oF5jY26vRUfTUW3FQ.png'},champion
Monk,26000077,4,,5.0,{'medium': 'https://api-assets.clashroyale.com/cards/300/2onG4t4-CxqwFVZAn6zpWxFz3_mG2ksSj4Q7zldo1SM.png'},champion
Skeleton Dragons,26000080,14,,4.0,{'medium': 'https://api-assets.clashroyale.com/cards/300/qPOtg9uONh47_NLxGhhFc_ww9PlZ6z3Ry507q1NZUXs.png'},common
Mother Witch,26000083,6,,4.0,{'medium': 'https://api-assets.clashroyale.com/cards/300/fO-Xah8XZkYKaSK9SCp3wnzwxtvIhun9NVY-zzte1Ng.png'},legendary
Electro Spirit,26000084,14,,1.0,{'medium': 'https://api-assets.clashroyale.com/cards/300/WKd4-IAFsgPpMo7dDi9sujmYjRhOMEWiE07OUJpvD9g.png'},common
Electro Giant,26000085,9,,7.0,{'medium': 'https://api-assets.clashroyale.com/cards/300/_uChZkNHAMq6tPb3v6A49xinOe3CnhjstOhG6OZbPYc.png'},epic
Phoenix,26000087,6,,4.0,{'medium': 'https://api-assets.clashroyale.com/cards/300/i0RoY1fs6ay7VAxyFEfZGIPnD002nAKcne9FtJsWBHM.png'},legendary
Little Prince,26000093,4,,3.0,{'medium': 'https://api-assets.clashroyale.com/cards/300/dY-gSseki6KBpkIG17safHH5YlB8SErFZO9OXbJxf9w.png'},champion
Goblin Demolisher,26000095,12,,4.0,{'medium': 'https://api-assets.clashroyale.com/cards/300/KVVOgdn40xasFLYuQv8Go_U_LCV7wSG9q9eE1H7f3Qk.png'},rare
Goblin Machine,26000096,6,,5.0,{'medium': 'https://api-assets.clashroyale.com/cards/300/-iLlotr6GCFndL_1BSBqWBb6DnsHBhLerd5EblZDNfU.png'},legendary
Suspicious Bush,26000097,12,,2.0,{'medium': 'https://api-assets.clashroyale.com/cards/300/vqTzGAjseQv9F5rf4tsFWeocvg0dyPw1j_nB1cmDZfI.png'},rare
Goblinstein,26000099,4,,5.0,{'medium': 'https://api-assets.clashroyale.com/cards/300/mQ20B49dXdk7Nv0lMdLw175M3YvkSpN6KNnho8UKBd8.png'},champion
Rune Giant,26000101,9,,4.0,{'medium': 'https://api-assets.clashroyale.com/cards/300/UogMnGHQXT-TOVXRxslKdAKXUPhqUvrD_hV9x8lbzdE.png'},epic
Berserker,26000102,14,,2.0,{'medium': 'https://api-assets.clashroyale.com/cards/300/NA6W8S1JBYBlOPwD3dNvJLFvVDKq-UuBs_J3i3ewLFI.png'},common
Boss Bandit,26000103,4,,6.0,{'medium': 'https://api-assets.clashroyale.com/cards/300/nuceG9o7rAyvyc7D3sp2QSiRYtSOEgraq0NJkDf729s.png'},champion
Cannon,27000000,14,1.0,3.0,"{'medium': 'https://api-assets.clashroyale.com/cards/300/nZK1y-beLxO5vnlyUhK6-2zH2NzXJwqykcosqQ1cmZ8.png', 'evolutionMedium': 'https://api-assets.clashroyale.com/cardevolutions/300/nZK1y-beLxO5vnlyUhK6-2zH2NzXJwqykcosqQ1cmZ8.png'}",common
Goblin Hut,27000001,12,,4.0,{'medium': 'https://api-assets.clashroyale.com/cards/300/l8ZdzzNLcwB4u7ihGgxNFQOjCT_njFuAhZr7D6PRF7E.png'},rare
Mortar,27000002,14,1.0,4.0,"{'medium': 'https://api-assets.clashroyale.com/cards/300/lPOSw6H7YOHq2miSCrf7ZDL3ANjhJdPPDYOTujdNrVE.png', 'evolutionMedium': 'https://api-assets.clashroyale.com/cardevolutions/300/lPOSw6H7YOHq2miSCrf7ZDL3ANjhJdPPDYOTujdNrVE.png'}",common
Inferno Tower,27000003,12,,5.0,{'medium': 'https://api-assets.clashroyale.com/cards/300/GSHY_wrooMMLET6bG_WJB8redtwx66c4i80ipi4gYOM.png'},rare
Bomb Tower,27000004,12,,4.0,{'medium': 'https://api-assets.clashroyale.com/cards/300/rirYRyHPc97emRjoH-c1O8uZCBzPVnToaGuNGusF3TQ.png'},rare
Barbarian Hut,27000005,12,,6.0,{'medium': 'https://api-assets.clashroyale.com/cards/300/ho0nOG2y3Ch86elHHcocQs8Fv_QNe0cFJ2CijsxABZA.png'},rare
Tesla,27000006,14,1.0,4.0,"{'medium': 'https://api-assets.clashroyale.com/cards/300/OiwnGrxFMNiHetYEerE-UZt0L_uYNzFY7qV_CA_OxR4.png', 'evolutionMedium': 'https://api-assets.clashroyale.com/cardevolutions/300/OiwnGrxFMNiHetYEerE-UZt0L_uYNzFY7qV_CA_OxR4.png'}",common
Elixir Collector,27000007,12,,6.0,{'medium': 'https://api-assets.clashroyale.com/cards/300/BGLo3Grsp81c72EpxLLk-Sofk3VY56zahnUNOv3JcT0.png'},rare
X-Bow,27000008,9,,6.0,{'medium': 'https://api-assets.clashroyale.com/cards/300/zVQ9Hme1hlj9Dc6e1ORl9xWwglcSrP7ejow5mAhLUJc.png'},epic
Tombstone,27000009,12,,3.0,{'medium': 'https://api-assets.clashroyale.com/cards/300/LjSfSbwQfkZuRJY4pVxKspZ-a0iM5KAhU8w-a_N5Z7Y.png'},rare
Furnace,27000010,12,1.0,4.0,"{'medium': 'https://api-assets.clashroyale.com/cards/300/iqbDiG7yYRIzvCPXdt9zPb3IvMt7F7Gi4wIPnh2x4aI.png', 'evolutionMedium': 'https://api-assets.clashroyale.com/cardevolutions/300/iqbDiG7yYRIzvCPXdt9zPb3IvMt7F7Gi4wIPnh2x4aI.png'}",rare
Goblin Cage,27000012,12,1.0,4.0,"{'medium': 'https://api-assets.clashroyale.com/cards/300/vD24bBgK4rSq7wx5QEbuqChtPMRFviL_ep76GwQw1yA.png', 'evolutionMedium': 'https://api-assets.clashroyale.com/cardevolutions/300/vD24bBgK4rSq7wx5QEbuqChtPMRFviL_ep76GwQw1yA.png'}",rare
Goblin Drill,27000013,9,1.0,4.0,"{'medium': 'https://api-assets.clashroyale.com/cards/300/eN2TKUYbih-26yBi0xy5LVFOA0zDftgDqxxnVfdIg1o.png', 'evolutionMedium': 'https://api-assets.clashroyale.com/cardevolutions/300/eN2TKUYbih-26yBi0xy5LVFOA0zDftgDqxxnVfdIg1o.png'}",epic
Fireball,28000000,12,,4.0,{'medium': 'https://api-assets.clashroyale.com/cards/300/lZD9MILQv7O-P3XBr_xOLS5idwuz3_7Ws9G60U36yhc.png'},rare
Arrows,28000001,14,,3.0,{'medium': 'https://api-assets.clashroyale.com/cards/300/Flsoci-Y6y8ZFVi5uRFTmgkPnCmMyMVrU7YmmuPvSBo.png'},common
Rage,28000002,9,,2.0,{'medium': 'https://api-assets.clashroyale.com/cards/300/bGP21OOmcpHMJ5ZA79bHVV2D-NzPtDkvBskCNJb7pg0.png'},epic
Rocket,28000003,12,,6.0,{'medium': 'https://api-assets.clashroyale.com/cards/300/Ie07nQNK9CjhKOa4-arFAewi4EroqaA-86Xo7r5tx94.png'},rare
Goblin Barrel,28000004,9,1.0,3.0,"{'medium': 'https://api-assets.clashroyale.com/cards/300/CoZdp5PpsTH858l212lAMeJxVJ0zxv9V-f5xC8Bvj5g.png', 'evolutionMedium': 'https://api-assets.clashroyale.com/cardevolutions/300/CoZdp5PpsTH858l212lAMeJxVJ0zxv9V-f5xC8Bvj5g.png'}",epic
Freeze,28000005,9,,4.0,{'medium': 'https://api-assets.clashroyale.com/cards/300/I1M20_Zs_p_BS1NaNIVQjuMJkYI_1-ePtwYZahn0JXQ.png'},epic
Mirror,28000006,9,,,{'medium': 'https://api-assets.clashroyale.com/cards/300/wC6Cm9rKLEOk72zTsukVwxewKIoO4ZcMJun54zCPWvA.png'},epic
Lightning,28000007,9,,6.0,{'medium': 'https://api-assets.clashroyale.com/cards/300/fpnESbYqe5GyZmaVVYe-SEu7tE0Kxh_HZyVigzvLjks.png'},epic
Zap,28000008,14,1.0,2.0,"{'medium': 'https://api-assets.clashroyale.com/cards/300/7dxh2-yCBy1x44GrBaL29vjqnEEeJXHEAlsi5g6D1eY.png', 'evolutionMedium': 'https://api-assets.clashroyale.com/cardevolutions/300/7dxh2-yCBy1x44GrBaL29vjqnEEeJXHEAlsi5g6D1eY.png'}",common
Poison,28000009,9,,4.0,{'medium': 'https://api-assets.clashroyale.com/cards/300/98HDkG2189yOULcVG9jz2QbJKtfuhH21DIrIjkOjxI8.png'},epic
Graveyard,28000010,6,,5.0,{'medium': 'https://api-assets.clashroyale.com/cards/300/Icp8BIyyfBTj1ncCJS7mb82SY7TPV-MAE-J2L2R48DI.png'},legendary
The Log,28000011,6,,2.0,{'medium': 'https://api-assets.clashroyale.com/cards/300/_iDwuDLexHPFZ_x4_a0eP-rxCS6vwWgTs6DLauwwoaY.png'},legendary
Tornado,28000012,9,,3.0,{'medium': 'https://api-assets.clashroyale.com/cards/300/QJB-QK1QJHdw4hjpAwVSyZBozc2ZWAR9pQ-SMUyKaT0.png'},epic
Clone,28000013,9,,3.0,{'medium': 'https://api-assets.clashroyale.com/cards/300/mHVCet-1TkwWq-pxVIU2ZWY9_2z7Z7wtP25ArEUsP_g.png'},epic
Earthquake,28000014,12,,3.0,{'medium': 'https://api-assets.clashroyale.com/cards/300/XeQXcrUu59C52DslyZVwCnbi4yamID-WxfVZLShgZmE.png'},rare
Barbarian Barrel,28000015,9,,2.0,{'medium': 'https://api-assets.clashroyale.com/cards/300/Gb0G1yNy0i5cIGUHin8uoFWxqntNtRPhY_jeMXg7HnA.png'},epic
Heal Spirit,28000016,12,,1.0,{'medium': 'https://api-assets.clashroyale.com/cards/300/GITl06sa2nGRLPvboyXbGEv5E3I-wAwn1Eqa5esggbc.png'},rare
Giant Snowball,28000017,14,1.0,2.0,"{'medium': 'https://api-assets.clashroyale.com/cards/300/7MaJLa6hK9WN2_VIshuh5DIDfGwm0wEv98gXtAxLDPs.png', 'evolutionMedium': 'https://api-assets.clashroyale.com/cardevolutions/300/7MaJLa6hK9WN2_VIshuh5DIDfGwm0wEv98gXtAxLDPs.png'}",common
Royal Delivery,28000018,14,,3.0,{'medium': 'https://api-assets.clashroyale.com/cards/300/LPg7AGjGI3_xmi7gLLgGC50yKM1jJ2teWkZfoHJcIZo.png'},common
Void,28000023,9,,3.0,{'medium': 'https://api-assets.clashroyale.com/cards/300/BykyeWDqzn4PlHSszu3NbrXT1mHxW2EA8vHbQGR5LDE.png'},epic
Goblin Curse,28000024,9,,2.0,{'medium': 'https://api-assets.clashroyale.com/cards/300/OQPfGgT5mHEUvPuKKt0plZT0PNtIjCqUgQ3Rm86dQ2k.png'},epic
Spirit Empress,28000025,6,,6.0,{'medium': 'https://api-assets.clashroyale.com/cards/300/MWWBZqiQeRBXSqEITVMj46nO_uCIUsqBidvUw9K2twY.png'},legendary
Vines,28000026,9,,3.0,{'medium': 'https://api-assets.clashroyale.com/cards/300/V5sJlPuo2WBRtirJ1lGEPJA4NvQ0KPwFeMrpxLX5z_8.png'},epic
